id,session_id,group_id,group_name,event_type,payload_json,created_at
a00900001-0000-4000-8000-000000000000,s0000000-0000-4000-8000-000000000001,,,session.created,"{""group_count"": 8}",2024-01-15T09:00:00+00:00
a00010000-0000-4000-8000-000000000000,s0000000-0000-4000-8000-000000000001,g00000001-0000-4000-8000-000000000000,Team 1,agent.help_click,"{""help_count"": 1}",2024-01-15T09:02:11.090000+00:00
a00014000-0000-4000-8000-000000000000,s0000000-0000-4000-8000-000000000001,g00000001-0000-4000-8000-000000000000,Team 1,agent.idle_trigger,"{""stage"": 0}",2024-01-15T09:02:05.090000+00:00
a00014001-0000-4000-8000-000000000000,s0000000-0000-4000-8000-000000000001,g00000001-0000-4000-8000-000000000000,Team 1,agent.idle_trigger,"{""stage"": 1}",2024-01-15T09:03:15.090000+00:00
a00016000-0000-4000-8000-000000000000,s0000000-0000-4000-8000-000000000001,g00000001-0000-4000-8000-000000000000,Team 1,stage.submission_save,"{""stage_key"": ""warmup"", ""is_completed"": true, ""completion_rate"": 0.902}",2024-01-15T09:02:02.090000+00:00
a00016001-0000-4000-8000-000000000000,s0000000-0000-4000-8000-000000000001,g00000001-0000-4000-8000-000000000000,Team 1,stage.submission_save,"{""stage_key"": ""observe"", ""is_completed"": true, ""completion_rate"": 0.8522}",2024-01-15T09:05:02.090000+00:00
a00016002-0000-4000-8000-000000000000,s0000000-0000-4000-8000-000000000001,g00000001-0000-4000-8000-000000000000,Team 1,stage.submission_save,"{""stage_key"": ""predict"", ""is_completed"": true, ""completion_rate"": 0.6568}",2024-01-15T09:08:02.090000+00:00
a00016003-0000-4000-8000-000000000000,s0000000-0000-4000-8000-000000000001,g00000001-0000-4000-8000-000000000000,Team 1,stage.submission_save,"{""stage_key"": ""test"", ""is_completed"": true, ""completion_rate"": 0.6308}",2024-01-15T09:11:02.090000+00:00
a00016004-0000-4000-8000-000000000000,s0000000-0000-4000-8000-000000000001,g00000001-0000-4000-8000-000000000000,Team 1,stage.submission_save,"{""stage_key"": ""review"", ""is_completed"": true, ""completion_rate"": 0.706}",2024-01-15T09:14:02.090000+00:00
a00018000-0000-4000-8000-000000000000,s0000000-0000-4000-8000-000000000001,g00000001-0000-4000-8000-000000000000,,agent.decision,"{""stage"": 0, ""action"": ""scaffold""}",2024-01-15T09:02:06+00:00
a00018001-0000-4000-8000-000000000000,s0000000-0000-4000-8000-000000000001,g00000001-0000-4000-8000-000000000000,,agent.decision,"{""stage"": 1, ""action"": ""scaffold""}",2024-01-15T09:02:12+00:00
a00018002-0000-4000-8000-000000000000,s0000000-0000-4000-8000-000000000001,g00000001-0000-4000-8000-000000000000,,agent.decision,"{""stage"": 2, ""action"": ""scaffold""}",2024-01-15T09:03:16+00:00
a00019000-0000-4000-8000-000000000000,s0000000-0000-4000-8000-000000000001,g00000001-0000-4000-8000-000000000000,,agent.student_question,"{""stage"": 0}",2024-01-15T09:02:44+00:00
a00020000-0000-4000-8000-000000000000,s0000000-0000-4000-8000-000000000001,g00000002-0000-4000-8000-000000000000,Team 2,agent.help_click,"{""help_count"": 1}",2024-01-15T09:04:11.090000+00:00
a00020001-0000-4000-8000-000000000000,s0000000-0000-4000-8000-000000000001,g00000002-0000-4000-8000-000000000000,Team 2,agent.help_click,"{""help_count"": 2}",2024-01-15T09:04:51.090000+00:00
a00020002-0000-4000-8000-000000000000,s0000000-0000-4000-8000-000000000001,g00000002-0000-4000-8000-000000000000,Team 2,agent.help_click,"{""help_count"": 3}",2024-01-15T09:05:31.090000+00:00
a00020003-0000-4000-8000-000000000000,s0000000-0000-4000-8000-000000000001,g00000002-0000-4000-8000-000000000000,Team 2,agent.help_click,"{""help_count"": 4}",2024-01-15T09:06:11.090000+00:00
a00020004-0000-4000-8000-000000000000,s0000000-0000-4000-8000-000000000001,g00000002-0000-4000-8000-000000000000,Team 2,agent.help_click,"{""help_count"": 5}",2024-01-15T09:06:51.090000+00:00
a00022000-0000-4000-8000-000000000000,s0000000-0000-4000-8000-000000000001,g00000002-0000-4000-8000-000000000000,Team 2,quiz.wrong_answer,"{""item"": 0, ""is_correct"": false}",2024-01-15T09:04:27.090000+00:00
a00022001-0000-4000-8000-000000000000,s0000000-0000-4000-8000-000000000001,g00000002-0000-4000-8000-000000000000,Team 2,quiz.wrong_answer,"{""item"": 1, ""is_correct"": false}",2024-01-15T09:06:02.090000+00:00
a00024000-0000-4000-8000-000000000000,s0000000-0000-4000-8000-000000000001,g00000002-0000-4000-8000-000000000000,Team 2,agent.idle_trigger,"{""stage"": 0}",2024-01-15T09:04:05.090000+00:00
a00024001-0000-4000-8000-000000000000,s0000000-0000-4000-8000-000000000001,g00000002-0000-4000-8000-000000000000,Team 2,agent.idle_trigger,"{""stage"": 1}",2024-01-15T09:05:15.090000+00:00
a00024002-0000-4000-8000-000000000000,s0000000-0000-4000-8000-000000000001,g00000002-0000-4000-8000-000000000000,Team 2,agent.idle_trigger,"{""stage"": 2}",2024-01-15T09:06:25.090000+00:00
a00024003-0000-4000-8000-000000000000,s0000000-0000-4000-8000-000000000001,g00000002-0000-4000-8000-000000000000,Team 2,agent.idle_trigger,"{""stage"": 3}",2024-01-15T09:07:35.090000+00:00
a00024004-0000-4000-8000-000000000000,s0000000-0000-4000-8000-000000000001,g00000002-0000-4000-8000-000000000000,Team 2,agent.idle_trigger,"{""stage"": 4}",2024-01-15T09:08:45.090000+00:00
a00024005-0000-4000-8000-000000000000,s0000000-0000-4000-8000-000000000001,g00000002-0000-4000-8000-000000000000,Team 2,agent.idle_trigger,"{""stage"": 0}",2024-01-15T09:09:55.090000+00:00
a00026000-0000-4000-8000-000000000000,s0000000-0000-4000-8000-000000000001,g00000002-0000-4000-8000-000000000000,Team 2,stage.submission_save,"{""stage_key"": ""warmup"", ""is_completed"": true, ""completion_rate"": 0.6576}",2024-01-15T09:04:02.090000+00:00
a00026001-0000-4000-8000-000000000000,s0000000-0000-4000-8000-000000000001,g00000002-0000-4000-8000-000000000000,Team 2,stage.submission_save,"{""stage_key"": ""observe"", ""is_completed"": true, ""completion_rate"": 0.7946}",2024-01-15T09:07:02.090000+00:00
a00026002-0000-4000-8000-000000000000,s0000000-0000-4000-8000-000000000001,g00000002-0000-4000-8000-000000000000,Team 2,stage.submission_save,"{""stage_key"": ""predict"", ""is_completed"": true, ""completion_rate"": 0.963}",2024-01-15T09:10:02.090000+00:00
a00026003-0000-4000-8000-000000000000,s0000000-0000-4000-8000-000000000001,g00000002-0000-4000-8000-000000000000,Team 2,stage.submission_save,"{""stage_key"": ""test"", ""is_completed"": true, ""completion_rate"": 0.7499}",2024-01-15T09:13:02.090000+00:00
a00026004-0000-4000-8000-000000000000,s0000000-0000-4000-8000-000000000001,g00000002-0000-4000-8000-000000000000,Team 2,stage.submission_save,"{""stage_key"": ""review"", ""is_completed"": true, ""completion_rate"": 0.8921}",2024-01-15T09:16:02.090000+00:00
a00028000-0000-4000-8000-000000000000,s0000000-0000-4000-8000-000000000001,g00000002-0000-4000-8000-000000000000,,agent.decision,"{""stage"": 0, ""action"": ""scaffold""}",2024-01-15T09:04:06+00:00
a00028001-0000-4000-8000-000000000000,s0000000-0000-4000-8000-000000000001,g00000002-0000-4000-8000-000000000000,,agent.decision,"{""stage"": 1, ""action"": ""scaffold""}",2024-01-15T09:04:12+00:00
a00028002-0000-4000-8000-000000000000,s0000000-0000-4000-8000-000000000001,g00000002-0000-4000-8000-000000000000,,agent.decision,"{""stage"": 2, ""action"": ""scaffold""}",2024-01-15T09:04:52+00:00
a00028003-0000-4000-8000-000000000000,s0000000-0000-4000-8000-000000000001,g00000002-0000-4000-8000-000000000000,,agent.decision,"{""stage"": 3, ""action"": ""scaffold""}",2024-01-15T09:05:16+00:00
a00028004-0000-4000-8000-000000000000,s0000000-0000-4000-8000-000000000001,g00000002-0000-4000-8000-000000000000,,agent.decision,"{""stage"": 4, ""action"": ""scaffold""}",2024-01-15T09:05:32+00:00
a00028005-0000-4000-8000-000000000000,s0000000-0000-4000-8000-000000000001,g00000002-0000-4000-8000-000000000000,,agent.decision,"{""stage"": 0, ""action"": ""scaffold""}",2024-01-15T09:06:12+00:00
a00028006-0000-4000-8000-000000000000,s0000000-0000-4000-8000-000000000001,g00000002-0000-4000-8000-000000000000,,agent.decision,"{""stage"": 1, ""action"": ""scaffold""}",2024-01-15T09:06:26+00:00
a00028007-0000-4000-8000-000000000000,s0000000-0000-4000-8000-000000000001,g00000002-0000-4000-8000-000000000000,,agent.decision,"{""stage"": 2, ""action"": ""scaffold""}",2024-01-15T09:06:52+00:00
a00028008-0000-4000-8000-000000000000,s0000000-0000-4000-8000-000000000001,g00000002-0000-4000-8000-000000000000,,agent.decision,"{""stage"": 3, ""action"": ""scaffold""}",2024-01-15T09:07:36+00:00
a00028009-0000-4000-8000-000000000000,s0000000-0000-4000-8000-000000000001,g00000002-0000-4000-8000-000000000000,,agent.decision,"{""stage"": 4, ""action"": ""scaffold""}",2024-01-15T09:08:46+00:00
a00028010-0000-4000-8000-000000000000,s0000000-0000-4000-8000-000000000001,g00000002-0000-4000-8000-000000000000,,agent.decision,"{""stage"": 0, ""action"": ""scaffold""}",2024-01-15T09:09:56+00:00
a00029000-0000-4000-8000-000000000000,s0000000-0000-4000-8000-000000000001,g00000002-0000-4000-8000-000000000000,,agent.student_question,"{""stage"": 0}",2024-01-15T09:04:44+00:00
a00029001-0000-4000-8000-000000000000,s0000000-0000-4000-8000-000000000001,g00000002-0000-4000-8000-000000000000,,agent.student_question,"{""stage"": 1}",2024-01-15T09:06:44+00:00
a00030000-0000-4000-8000-000000000000,s0000000-0000-4000-8000-000000000001,g00000003-0000-4000-8000-000000000000,Team 3,agent.help_click,"{""help_count"": 1}",2024-01-15T09:06:11.090000+00:00
a00030001-0000-4000-8000-000000000000,s0000000-0000-4000-8000-000000000001,g00000003-0000-4000-8000-000000000000,Team 3,agent.help_click,"{""help_count"": 2}",2024-01-15T09:06:51.090000+00:00
a00030002-0000-4000-8000-000000000000,s0000000-0000-4000-8000-000000000001,g00000003-0000-4000-8000-000000000000,Team 3,agent.help_click,"{""help_count"": 3}",2024-01-15T09:07:31.090000+00:00
a00030003-0000-4000-8000-000000000000,s0000000-0000-4000-8000-000000000001,g00000003-0000-4000-8000-000000000000,Team 3,agent.help_click,"{""help_count"": 4}",2024-01-15T09:08:11.090000+00:00
a00030004-0000-4000-8000-000000000000,s0000000-0000-4000-8000-000000000001,g00000003-0000-4000-8000-000000000000,Team 3,agent.help_click,"{""help_count"": 5}",2024-01-15T09:08:51.090000+00:00
a00030005-0000-4000-8000-000000000000,s0000000-0000-4000-8000-000000000001,g00000003-0000-4000-8000-000000000000,Team 3,agent.help_click,"{""help_count"": 6}",2024-01-15T09:09:31.090000+00:00
a00030006-0000-4000-8000-000000000000,s0000000-0000-4000-8000-000000000001,g00000003-0000-4000-8000-000000000000,Team 3,agent.help_click,"{""help_count"": 7}",2024-01-15T09:10:11.090000+00:00
a00030007-0000-4000-8000-000000000000,s0000000-0000-4000-8000-000000000001,g00000003-0000-4000-8000-000000000000,Team 3,agent.help_click,"{""help_count"": 8}",2024-01-15T09:10:51.090000+00:00
a00030008-0000-4000-8000-000000000000,s0000000-0000-4000-8000-000000000001,g00000003-0000-4000-8000-000000000000,Team 3,agent.help_click,"{""help_count"": 9}",2024-01-15T09:11:31.090000+00:00
a00030009-0000-4000-8000-000000000000,s0000000-0000-4000-8000-000000000001,g00000003-0000-4000-8000-000000000000,Team 3,agent.help_click,"{""help_count"": 10}",2024-01-15T09:12:11.090000+00:00
a00030010-0000-4000-8000-000000000000,s0000000-0000-4000-8000-000000000001,g00000003-0000-4000-8000-000000000000,Team 3,agent.help_click,"{""help_count"": 11}",2024-01-15T09:12:51.090000+00:00
a00030011-0000-4000-8000-000000000000,s0000000-0000-4000-8000-000000000001,g00000003-0000-4000-8000-000000000000,Team 3,agent.help_click,"{""help_count"": 12}",2024-01-15T09:13:31.090000+00:00
a00030012-0000-4000-8000-000000000000,s0000000-0000-4000-8000-000000000001,g00000003-0000-4000-8000-000000000000,Team 3,agent.help_click,"{""help_count"": 13}",2024-01-15T09:14:11.090000+00:00
a00030013-0000-4000-8000-000000000000,s0000000-0000-4000-8000-000000000001,g00000003-0000-4000-8000-000000000000,Team 3,agent.help_click,"{""help_count"": 14}",2024-01-15T09:14:51.090000+00:00
a00030014-0000-4000-8000-000000000000,s0000000-0000-4000-8000-000000000001,g00000003-0000-4000-8000-000000000000,Team 3,agent.help_click,"{""help_count"": 15}",2024-01-15T09:15:31.090000+00:00
a00030015-0000-4000-8000-000000000000,s0000000-0000-4000-8000-000000000001,g00000003-0000-4000-8000-000000000000,Team 3,agent.help_click,"{""help_count"": 16}",2024-01-15T09:16:11.090000+00:00
a00030016-0000-4000-8000-000000000000,s0000000-0000-4000-8000-000000000001,g00000003-0000-4000-8000-000000000000,Team 3,agent.help_click,"{""help_count"": 17}",2024-01-15T09:16:51.090000+00:00
a00030017-0000-4000-8000-000000000000,s0000000-0000-4000-8000-000000000001,g00000003-0000-4000-8000-000000000000,Team 3,agent.help_click,"{""help_count"": 18}",2024-01-15T09:17:31.090000+00:00
a00030018-0000-4000-8000-000000000000,s0000000-0000-4000-8000-000000000001,g00000003-0000-4000-8000-000000000000,Team 3,agent.help_click,"{""help_count"": 19}",2024-01-15T09:18:11.090000+00:00
a00030019-0000-4000-8000-000000000000,s0000000-0000-4000-8000-000000000001,g00000003-0000-4000-8000-000000000000,Team 3,agent.help_click,"{""help_count"": 20}",2024-01-15T09:18:51.090000+00:00
a00030020-0000-4000-8000-000000000000,s0000000-0000-4000-8000-000000000001,g00000003-0000-4000-8000-000000000000,Team 3,agent.help_click,"{""help_count"": 21}",2024-01-15T09:19:31.090000+00:00
a00030021-0000-4000-8000-000000000000,s0000000-0000-4000-8000-000000000001,g00000003-0000-4000-8000-000000000000,Team 3,agent.help_click,"{""help_count"": 22}",2024-01-15T09:20:11.090000+00:00
a00030022-0000-4000-8000-000000000000,s0000000-0000-4000-8000-000000000001,g00000003-0000-4000-8000-000000000000,Team 3,agent.help_click,"{""help_count"": 23}",2024-01-15T09:20:51.090000+00:00
a00030023-0000-4000-8000-000000000000,s0000000-0000-4000-8000-000000000001,g00000003-0000-4000-8000-000000000000,Team 3,agent.help_click,"{""help_count"": 24}",2024-01-15T09:21:31.090000+00:00
a00030024-0000-4000-8000-000000000000,s0000000-0000-4000-8000-000000000001,g00000003-0000-4000-8000-000000000000,Team 3,agent.help_click,"{""help_count"": 25}",2024-01-15T09:22:11.090000+00:00
a00030025-0000-4000-8000-000000000000,s0000000-0000-4000-8000-000000000001,g00000003-0000-4000-8000-000000000000,Team 3,agent.help_click,"{""help_count"": 26}",2024-01-15T09:22:51.090000+00:00
a00030026-0000-4000-8000-000000000000,s0000000-0000-4000-8000-000000000001,g00000003-0000-4000-8000-000000000000,Team 3,agent.help_click,"{""help_count"": 27}",2024-01-15T09:23:31.090000+00:00
a00030027-0000-4000-8000-000000000000,s0000000-0000-4000-8000-000000000001,g00000003-0000-4000-8000-000000000000,Team 3,agent.help_click,"{""help_count"": 28}",2024-01-15T09:24:11.090000+00:00
a00030028-0000-4000-8000-000000000000,s0000000-0000-4000-8000-000000000001,g00000003-0000-4000-8000-000000000000,Team 3,agent.help_click,"{""help_count"": 29}",2024-01-15T09:24:51.090000+00:00
a00030029-0000-4000-8000-000000000000,s0000000-0000-4000-8000-000000000001,g00000003-0000-4000-8000-000000000000,Team 3,agent.help_click,"{""help_count"": 30}",2024-01-15T09:25:31.090000+00:00
a00030030-0000-4000-8000-000000000000,s0000000-0000-4000-8000-000000000001,g00000003-0000-4000-8000-000000000000,Team 3,agent.help_click,"{""help_count"": 31}",2024-01-15T09:26:11.090000+00:00
a00030031-0000-4000-8000-000000000000,s0000000-0000-4000-8000-000000000001,g00000003-0000-4000-8000-000000000000,Team 3,agent.help_click,"{""help_count"": 32}",2024-01-15T09:26:51.090000+00:00
a00030032-0000-4000-8000-000000000000,s0000000-0000-4000-8000-000000000001,g00000003-0000-4000-8000-000000000000,Team 3,agent.help_click,"{""help_count"": 33}",2024-01-15T09:27:31.090000+00:00
a00030033-0000-4000-8000-000000000000,s0000000-0000-4000-8000-000000000001,g00000003-0000-4000-8000-000000000000,Team 3,agent.help_click,"{""help_count"": 34}",2024-01-15T09:28:11.090000+00:00
a00030034-0000-4000-8000-000000000000,s0000000-0000-4000-8000-000000000001,g00000003-0000-4000-8000-000000000000,Team 3,agent.help_click,"{""help_count"": 35}",2024-01-15T09:28:51.090000+00:00
a00030035-0000-4000-8000-000000000000,s0000000-0000-4000-8000-000000000001,g00000003-0000-4000-8000-000000000000,Team 3,agent.help_click,"{""help_count"": 36}",2024-01-15T09:29:31.090000+00:00
a00030036-0000-4000-8000-000000000000,s0000000-0000-4000-8000-000000000001,g00000003-0000-4000-8000-000000000000,Team 3,agent.help_click,"{""help_count"": 37}",2024-01-15T09:30:11.090000+00:00
a00030037-0000-4000-8000-000000000000,s0000000-0000-4000-8000-000000000001,g00000003-0000-4000-8000-000000000000,Team 3,agent.help_click,"{""help_count"": 38}",2024-01-15T09:30:51.090000+00:00
a00030038-0000-4000-8000-000000000000,s0000000-0000-4000-8000-000000000001,g00000003-0000-4000-8000-000000000000,Team 3,agent.help_click,"{""help_count"": 39}",2024-01-15T09:31:31.090000+00:00
a00030039-0000-4000-8000-000000000000,s0000000-0000-4000-8000-000000000001,g00000003-0000-4000-8000-000000000000,Team 3,agent.help_click,"{""help_count"": 40}",2024-01-15T09:32:11.090000+00:00
a00030040-0000-4000-8000-000000000000,s0000000-0000-4000-8000-000000000001,g00000003-0000-4000-8000-000000000000,Team 3,agent.help_click,"{""help_count"": 41}",2024-01-15T09:32:51.090000+00:00
a00032000-0000-4000-8000-000000000000,s0000000-0000-4000-8000-000000000001,g00000003-0000-4000-8000-000000000000,Team 3,quiz.wrong_answer,"{""item"": 0, ""is_correct"": false}",2024-01-15T09:06:27.090000+00:00
a00034000-0000-4000-8000-000000000000,s0000000-0000-4000-8000-000000000001,g00000003-0000-4000-8000-000000000000,Team 3,agent.idle_trigger,"{""stage"": 0}",2024-01-15T09:06:05.090000+00:00
a00034001-0000-4000-8000-000000000000,s0000000-0000-4000-8000-000000000001,g00000003-0000-4000-8000-000000000000,Team 3,agent.idle_trigger,"{""stage"": 1}",2024-01-15T09:07:15.090000+00:00
a00034002-0000-4000-8000-000000000000,s0000000-0000-4000-8000-000000000001,g00000003-0000-4000-8000-000000000000,Team 3,agent.idle_trigger,"{""stage"": 2}",2024-01-15T09:08:25.090000+00:00
a00034003-0000-4000-8000-000000000000,s0000000-0000-4000-8000-000000000001,g00000003-0000-4000-8000-000000000000,Team 3,agent.idle_trigger,"{""stage"": 3}",2024-01-15T09:09:35.090000+00:00
a00034004-0000-4000-8000-000000000000,s0000000-0000-4000-8000-000000000001,g00000003-0000-4000-8000-000000000000,Team 3,agent.idle_trigger,"{""stage"": 4}",2024-01-15T09:10:45.090000+00:00
a00034005-0000-4000-8000-000000000000,s0000000-0000-4000-8000-000000000001,g00000003-0000-4000-8000-000000000000,Team 3,agent.idle_trigger,"{""stage"": 0}",2024-01-15T09:11:55.090000+00:00
a00034006-0000-4000-8000-000000000000,s0000000-0000-4000-8000-000000000001,g00000003-0000-4000-8000-000000000000,Team 3,agent.idle_trigger,"{""stage"": 1}",2024-01-15T09:13:05.090000+00:00
a00034007-0000-4000-8000-000000000000,s0000000-0000-4000-8000-000000000001,g00000003-0000-4000-8000-000000000000,Team 3,agent.idle_trigger,"{""stage"": 2}",2024-01-15T09:14:15.090000+00:00
a00036000-0000-4000-8000-000000000000,s0000000-0000-4000-8000-000000000001,g00000003-0000-4000-8000-000000000000,Team 3,stage.submission_save,"{""stage_key"": ""warmup"", ""is_completed"": true, ""completion_rate"": 0.8457}",2024-01-15T09:06:02.090000+00:00
a00036001-0000-4000-8000-000000000000,s0000000-0000-4000-8000-000000000001,g00000003-0000-4000-8000-000000000000,Team 3,stage.submission_save,"{""stage_key"": ""observe"", ""is_completed"": true, ""completion_rate"": 0.976}",2024-01-15T09:09:02.090000+00:00
a00036002-0000-4000-8000-000000000000,s0000000-0000-4000-8000-000000000001,g00000003-0000-4000-8000-000000000000,Team 3,stage.submission_save,"{""stage_key"": ""predict"", ""is_completed"": true, ""completion_rate"": 0.9619}",2024-01-15T09:12:02.090000+00:00
a00036003-0000-4000-8000-000000000000,s0000000-0000-4000-8000-000000000001,g00000003-0000-4000-8000-000000000000,Team 3,stage.submission_save,"{""stage_key"": ""test"", ""is_completed"": true, ""completion_rate"": 0.8741}",2024-01-15T09:15:02.090000+00:00
a00036004-0000-4000-8000-000000000000,s0000000-0000-4000-8000-000000000001,g00000003-0000-4000-8000-000000000000,Team 3,stage.submission_save,"{""stage_key"": ""review"", ""is_completed"": true, ""completion_rate"": 0.6052}",2024-01-15T09:18:02.090000+00:00
a00038000-0000-4000-8000-000000000000,s0000000-0000-4000-8000-000000000001,g00000003-0000-4000-8000-000000000000,,agent.decision,"{""stage"": 0, ""action"": ""scaffold""}",2024-01-15T09:06:06+00:00
a00038001-0000-4000-8000-000000000000,s0000000-0000-4000-8000-000000000001,g00000003-0000-4000-8000-000000000000,,agent.decision,"{""stage"": 1, ""action"": ""scaffold""}",2024-01-15T09:06:12+00:00
a00038002-0000-4000-8000-000000000000,s0000000-0000-4000-8000-000000000001,g00000003-0000-4000-8000-000000000000,,agent.decision,"{""stage"": 2, ""action"": ""scaffold""}",2024-01-15T09:06:52+00:00
a00038003-0000-4000-8000-000000000000,s0000000-0000-4000-8000-000000000001,g00000003-0000-4000-8000-000000000000,,agent.decision,"{""stage"": 3, ""action"": ""scaffold""}",2024-01-15T09:07:16+00:00
a00038004-0000-4000-8000-000000000000,s0000000-0000-4000-8000-000000000001,g00000003-0000-4000-8000-000000000000,,agent.decision,"{""stage"": 4, ""action"": ""scaffold""}",2024-01-15T09:07:32+00:00
a00038005-0000-4000-8000-000000000000,s0000000-0000-4000-8000-000000000001,g00000003-0000-4000-8000-000000000000,,agent.decision,"{""stage"": 0, ""action"": ""scaffold""}",2024-01-15T09:08:12+00:00
a00038006-0000-4000-8000-000000000000,s0000000-0000-4000-8000-000000000001,g00000003-0000-4000-8000-000000000000,,agent.decision,"{""stage"": 1, ""action"": ""scaffold""}",2024-01-15T09:08:26+00:00
a00038007-0000-4000-8000-000000000000,s0000000-0000-4000-8000-000000000001,g00000003-0000-4000-8000-000000000000,,agent.decision,"{""stage"": 2, ""action"": ""scaffold""}",2024-01-15T09:08:52+00:00
a00038008-0000-4000-8000-000000000000,s0000000-0000-4000-8000-000000000001,g00000003-0000-4000-8000-000000000000,,agent.decision,"{""stage"": 3, ""action"": ""scaffold""}",2024-01-15T09:09:32+00:00
a00038009-0000-4000-8000-000000000000,s0000000-0000-4000-8000-000000000001,g00000003-0000-4000-8000-000000000000,,agent.decision,"{""stage"": 4, ""action"": ""scaffold""}",2024-01-15T09:09:36+00:00
a00038010-0000-4000-8000-000000000000,s0000000-0000-4000-8000-000000000001,g00000003-0000-4000-8000-000000000000,,agent.decision,"{""stage"": 0, ""action"": ""scaffold""}",2024-01-15T09:10:12+00:00
a00038011-0000-4000-8000-000000000000,s0000000-0000-4000-8000-000000000001,g00000003-0000-4000-8000-000000000000,,agent.decision,"{""stage"": 1, ""action"": ""scaffold""}",2024-01-15T09:10:46+00:00
a00038012-0000-4000-8000-000000000000,s0000000-0000-4000-8000-000000000001,g00000003-0000-4000-8000-000000000000,,agent.decision,"{""stage"": 2, ""action"": ""scaffold""}",2024-01-15T09:10:52+00:00
a00038013-0000-4000-8000-000000000000,s0000000-0000-4000-8000-000000000001,g00000003-0000-4000-8000-000000000000,,agent.decision,"{""stage"": 3, ""action"": ""scaffold""}",2024-01-15T09:11:32+00:00
a00038014-0000-4000-8000-000000000000,s0000000-0000-4000-8000-000000000001,g00000003-0000-4000-8000-000000000000,,agent.decision,"{""stage"": 4, ""action"": ""scaffold""}",2024-01-15T09:11:56+00:00
a00038015-0000-4000-8000-000000000000,s0000000-0000-4000-8000-000000000001,g00000003-0000-4000-8000-000000000000,,agent.decision,"{""stage"": 0, ""action"": ""scaffold""}",2024-01-15T09:12:12+00:00
a00038016-0000-4000-8000-000000000000,s0000000-0000-4000-8000-000000000001,g00000003-0000-4000-8000-000000000000,,agent.decision,"{""stage"": 1, ""action"": ""scaffold""}",2024-01-15T09:12:52+00:00
a00038017-0000-4000-8000-000000000000,s0000000-0000-4000-8000-000000000001,g00000003-0000-4000-8000-000000000000,,agent.decision,"{""stage"": 2, ""action"": ""scaffold""}",2024-01-15T09:13:06+00:00
a00038018-0000-4000-8000-000000000000,s0000000-0000-4000-8000-000000000001,g00000003-0000-4000-8000-000000000000,,agent.decision,"{""stage"": 3, ""action"": ""scaffold""}",2024-01-15T09:13:32+00:00
a00038019-0000-4000-8000-000000000000,s0000000-0000-4000-8000-000000000001,g00000003-0000-4000-8000-000000000000,,agent.decision,"{""stage"": 4, ""action"": ""scaffold""}",2024-01-15T09:14:12+00:00
a00038020-0000-4000-8000-000000000000,s0000000-0000-4000-8000-000000000001,g00000003-0000-4000-8000-000000000000,,agent.decision,"{""stage"": 0, ""action"": ""scaffold""}",2024-01-15T09:14:16+00:00
a00038021-0000-4000-8000-000000000000,s0000000-0000-4000-8000-000000000001,g00000003-0000-4000-8000-000000000000,,agent.decision,"{""stage"": 1, ""action"": ""scaffold""}",2024-01-15T09:14:52+00:00
a00038022-0000-4000-8000-000000000000,s0000000-0000-4000-8000-000000000001,g00000003-0000-4000-8000-000000000000,,agent.decision,"{""stage"": 2, ""action"": ""scaffold""}",2024-01-15T09:15:32+00:00
a00038023-0000-4000-8000-000000000000,s0000000-0000-4000-8000-000000000001,g00000003-0000-4000-8000-000000000000,,agent.decision,"{""stage"": 3, ""action"": ""scaffold""}",2024-01-15T09:16:12+00:00
a00038024-0000-4000-8000-000000000000,s0000000-0000-4000-8000-000000000001,g00000003-0000-4000-8000-000000000000,,agent.decision,"{""stage"": 4, ""action"": ""scaffold""}",2024-01-15T09:16:52+00:00
a00038025-0000-4000-8000-000000000000,s0000000-0000-4000-8000-000000000001,g00000003-0000-4000-8000-000000000000,,agent.decision,"{""stage"": 0, ""action"": ""scaffold""}",2024-01-15T09:17:32+00:00
a00038026-0000-4000-8000-000000000000,s0000000-0000-4000-8000-000000000001,g00000003-0000-4000-8000-000000000000,,agent.decision,"{""stage"": 1, ""action"": ""scaffold""}",2024-01-15T09:18:12+00:00
a00038027-0000-4000-8000-000000000000,s0000000-0000-4000-8000-000000000001,g00000003-0000-4000-8000-000000000000,,agent.decision,"{""stage"": 2, ""action"": ""scaffold""}",2024-01-15T09:18:52+00:00
a00038028-0000-4000-8000-000000000000,s0000000-0000-4000-8000-000000000001,g00000003-0000-4000-8000-000000000000,,agent.decision,"{""stage"": 3, ""action"": ""scaffold""}",2024-01-15T09:19:32+00:00
a00038029-0000-4000-8000-000000000000,s0000000-0000-4000-8000-000000000001,g00000003-0000-4000-8000-000000000000,,agent.decision,"{""stage"": 4, ""action"": ""scaffold""}",2024-01-15T09:20:12+00:00
a00038030-0000-4000-8000-000000000000,s0000000-0000-4000-8000-000000000001,g00000003-0000-4000-8000-000000000000,,agent.decision,"{""stage"": 0, ""action"": ""scaffold""}",2024-01-15T09:20:52+00:00
a00038031-0000-4000-8000-000000000000,s0000000-0000-4000-8000-000000000001,g00000003-0000-4000-8000-000000000000,,agent.decision,"{""stage"": 1, ""action"": ""scaffold""}",2024-01-15T09:21:32+00:00
a00038032-0000-4000-8000-000000000000,s0000000-0000-4000-8000-000000000001,g00000003-0000-4000-8000-000000000000,,agent.decision,"{""stage"": 2, ""action"": ""scaffold""}",2024-01-15T09:22:12+00:00
a00038033-0000-4000-8000-000000000000,s0000000-0000-4000-8000-000000000001,g00000003-0000-4000-8000-000000000000,,agent.decision,"{""stage"": 3, ""action"": ""scaffold""}",2024-01-15T09:22:52+00:00
a00038034-0000-4000-8000-000000000000,s0000000-0000-4000-8000-000000000001,g00000003-0000-4000-8000-000000000000,,agent.decision,"{""stage"": 4, ""action"": ""scaffold""}",2024-01-15T09:23:32+00:00
a00038035-0000-4000-8000-000000000000,s0000000-0000-4000-8000-000000000001,g00000003-0000-4000-8000-000000000000,,agent.decision,"{""stage"": 0, ""action"": ""scaffold""}",2024-01-15T09:24:12+00:00
a00038036-0000-4000-8000-000000000000,s0000000-0000-4000-8000-000000000001,g00000003-0000-4000-8000-000000000000,,agent.decision,"{""stage"": 1, ""action"": ""scaffold""}",2024-01-15T09:24:52+00:00
a00038037-0000-4000-8000-000000000000,s0000000-0000-4000-8000-000000000001,g00000003-0000-4000-8000-000000000000,,agent.decision,"{""stage"": 2, ""action"": ""scaffold""}",2024-01-15T09:25:32+00:00
a00038038-0000-4000-8000-000000000000,s0000000-0000-4000-8000-000000000001,g00000003-0000-4000-8000-000000000000,,agent.decision,"{""stage"": 3, ""action"": ""scaffold""}",2024-01-15T09:26:12+00:00
a00038039-0000-4000-8000-000000000000,s0000000-0000-4000-8000-000000000001,g00000003-0000-4000-8000-000000000000,,agent.decision,"{""stage"": 4, ""action"": ""scaffold""}",2024-01-15T09:26:52+00:00
a00038040-0000-4000-8000-000000000000,s0000000-0000-4000-8000-000000000001,g00000003-0000-4000-8000-000000000000,,agent.decision,"{""stage"": 0, ""action"": ""scaffold""}",2024-01-15T09:27:32+00:00
a00038041-0000-4000-8000-000000000000,s0000000-0000-4000-8000-000000000001,g00000003-0000-4000-8000-000000000000,,agent.decision,"{""stage"": 1, ""action"": ""scaffold""}",2024-01-15T09:28:12+00:00
a00038042-0000-4000-8000-000000000000,s0000000-0000-4000-8000-000000000001,g00000003-0000-4000-8000-000000000000,,agent.decision,"{""stage"": 2, ""action"": ""scaffold""}",2024-01-15T09:28:52+00:00
a00038043-0000-4000-8000-000000000000,s0000000-0000-4000-8000-000000000001,g00000003-0000-4000-8000-000000000000,,agent.decision,"{""stage"": 3, ""action"": ""scaffold""}",2024-01-15T09:29:32+00:00
a00038044-0000-4000-8000-000000000000,s0000000-0000-4000-8000-000000000001,g00000003-0000-4000-8000-000000000000,,agent.decision,"{""stage"": 4, ""action"": ""scaffold""}",2024-01-15T09:30:12+00:00
a00038045-0000-4000-8000-000000000000,s0000000-0000-4000-8000-000000000001,g00000003-0000-4000-8000-000000000000,,agent.decision,"{""stage"": 0, ""action"": ""scaffold""}",2024-01-15T09:30:52+00:00
a00038046-0000-4000-8000-000000000000,s0000000-0000-4000-8000-000000000001,g00000003-0000-4000-8000-000000000000,,agent.decision,"{""stage"": 1, ""action"": ""scaffold""}",2024-01-15T09:31:32+00:00
a00038047-0000-4000-8000-000000000000,s0000000-0000-4000-8000-000000000001,g00000003-0000-4000-8000-000000000000,,agent.decision,"{""stage"": 2, ""action"": ""scaffold""}",2024-01-15T09:32:12+00:00
a00038048-0000-4000-8000-000000000000,s0000000-0000-4000-8000-000000000001,g00000003-0000-4000-8000-000000000000,,agent.decision,"{""stage"": 3, ""action"": ""scaffold""}",2024-01-15T09:32:52+00:00
a00039000-0000-4000-8000-000000000000,s0000000-0000-4000-8000-000000000001,g00000003-0000-4000-8000-000000000000,,agent.student_question,"{""stage"": 0}",2024-01-15T09:06:44+00:00
a00039001-0000-4000-8000-000000000000,s0000000-0000-4000-8000-000000000001,g00000003-0000-4000-8000-000000000000,,agent.student_question,"{""stage"": 1}",2024-01-15T09:08:44+00:00
a00040000-0000-4000-8000-000000000000,s0000000-0000-4000-8000-000000000001,g00000004-0000-4000-8000-000000000000,Team 4,agent.help_click,"{""help_count"": 1}",2024-01-15T09:08:11.090000+00:00
a00040001-0000-4000-8000-000000000000,s0000000-0000-4000-8000-000000000001,g00000004-0000-4000-8000-000000000000,Team 4,agent.help_click,"{""help_count"": 2}",2024-01-15T09:08:51.090000+00:00
a00040002-0000-4000-8000-000000000000,s0000000-0000-4000-8000-000000000001,g00000004-0000-4000-8000-000000000000,Team 4,agent.help_click,"{""help_count"": 3}",2024-01-15T09:09:31.090000+00:00
a00040003-0000-4000-8000-000000000000,s0000000-0000-4000-8000-000000000001,g00000004-0000-4000-8000-000000000000,Team 4,agent.help_click,"{""help_count"": 4}",2024-01-15T09:10:11.090000+00:00
a00040004-0000-4000-8000-000000000000,s0000000-0000-4000-8000-000000000001,g00000004-0000-4000-8000-000000000000,Team 4,agent.help_click,"{""help_count"": 5}",2024-01-15T09:10:51.090000+00:00
a00042000-0000-4000-8000-000000000000,s0000000-0000-4000-8000-000000000001,g00000004-0000-4000-8000-000000000000,Team 4,quiz.wrong_answer,"{""item"": 0, ""is_correct"": false}",2024-01-15T09:08:27.090000+00:00
a00042001-0000-4000-8000-000000000000,s0000000-0000-4000-8000-000000000001,g00000004-0000-4000-8000-000000000000,Team 4,quiz.wrong_answer,"{""item"": 1, ""is_correct"": false}",2024-01-15T09:10:02.090000+00:00
a00044000-0000-4000-8000-000000000000,s0000000-0000-4000-8000-000000000001,g00000004-0000-4000-8000-000000000000,Team 4,agent.idle_trigger,"{""stage"": 0}",2024-01-15T09:08:05.090000+00:00
a00044001-0000-4000-8000-000000000000,s0000000-0000-4000-8000-000000000001,g00000004-0000-4000-8000-000000000000,Team 4,agent.idle_trigger,"{""stage"": 1}",2024-01-15T09:09:15.090000+00:00
a00044002-0000-4000-8000-000000000000,s0000000-0000-4000-8000-000000000001,g00000004-0000-4000-8000-000000000000,Team 4,agent.idle_trigger,"{""stage"": 2}",2024-01-15T09:10:25.090000+00:00
a00044003-0000-4000-8000-000000000000,s0000000-0000-4000-8000-000000000001,g00000004-0000-4000-8000-000000000000,Team 4,agent.idle_trigger,"{""stage"": 3}",2024-01-15T09:11:35.090000+00:00
a00044004-0000-4000-8000-000000000000,s0000000-0000-4000-8000-000000000001,g00000004-0000-4000-8000-000000000000,Team 4,agent.idle_trigger,"{""stage"": 4}",2024-01-15T09:12:45.090000+00:00
a00044005-0000-4000-8000-000000000000,s0000000-0000-4000-8000-000000000001,g00000004-0000-4000-8000-000000000000,Team 4,agent.idle_trigger,"{""stage"": 0}",2024-01-15T09:13:55.090000+00:00
a00044006-0000-4000-8000-000000000000,s0000000-0000-4000-8000-000000000001,g00000004-0000-4000-8000-000000000000,Team 4,agent.idle_trigger,"{""stage"": 1}",2024-01-15T09:15:05.090000+00:00
a00044007-0000-4000-8000-000000000000,s0000000-0000-4000-8000-000000000001,g00000004-0000-4000-8000-000000000000,Team 4,agent.idle_trigger,"{""stage"": 2}",2024-01-15T09:16:15.090000+00:00
a00046000-0000-4000-8000-000000000000,s0000000-0000-4000-8000-000000000001,g00000004-0000-4000-8000-000000000000,Team 4,stage.submission_save,"{""stage_key"": ""warmup"", ""is_completed"": true, ""completion_rate"": 0.709}",2024-01-15T09:08:02.090000+00:00
a00046001-0000-4000-8000-000000000000,s0000000-0000-4000-8000-000000000001,g00000004-0000-4000-8000-000000000000,Team 4,stage.submission_save,"{""stage_key"": ""observe"", ""is_completed"": true, ""completion_rate"": 0.6496}",2024-01-15T09:11:02.090000+00:00
a00046002-0000-4000-8000-000000000000,s0000000-0000-4000-8000-000000000001,g00000004-0000-4000-8000-000000000000,Team 4,stage.submission_save,"{""stage_key"": ""predict"", ""is_completed"": true, ""completion_rate"": 0.9613}",2024-01-15T09:14:02.090000+00:00
a00046003-0000-4000-8000-000000000000,s0000000-0000-4000-8000-000000000001,g00000004-0000-4000-8000-000000000000,Team 4,stage.submission_save,"{""stage_key"": ""test"", ""is_completed"": true, ""completion_rate"": 0.9171}",2024-01-15T09:17:02.090000+00:00
a00046004-0000-4000-8000-000000000000,s0000000-0000-4000-8000-000000000001,g00000004-0000-4000-8000-000000000000,Team 4,stage.submission_save,"{""stage_key"": ""review"", ""is_completed"": true, ""completion_rate"": 0.7031}",2024-01-15T09:20:02.090000+00:00
a00048000-0000-4000-8000-000000000000,s0000000-0000-4000-8000-000000000001,g00000004-0000-4000-8000-000000000000,,agent.decision,"{""stage"": 0, ""action"": ""scaffold""}",2024-01-15T09:08:06+00:00
a00048001-0000-4000-8000-000000000000,s0000000-0000-4000-8000-000000000001,g00000004-0000-4000-8000-000000000000,,agent.decision,"{""stage"": 1, ""action"": ""scaffold""}",2024-01-15T09:08:12+00:00
a00048002-0000-4000-8000-000000000000,s0000000-0000-4000-8000-000000000001,g00000004-0000-4000-8000-000000000000,,agent.decision,"{""stage"": 2, ""action"": ""scaffold""}",2024-01-15T09:08:52+00:00
a00048003-0000-4000-8000-000000000000,s0000000-0000-4000-8000-000000000001,g00000004-0000-4000-8000-000000000000,,agent.decision,"{""stage"": 3, ""action"": ""scaffold""}",2024-01-15T09:09:16+00:00
a00048004-0000-4000-8000-000000000000,s0000000-0000-4000-8000-000000000001,g00000004-0000-4000-8000-000000000000,,agent.decision,"{""stage"": 4, ""action"": ""scaffold""}",2024-01-15T09:09:32+00:00
a00048005-0000-4000-8000-000000000000,s0000000-0000-4000-8000-000000000001,g00000004-0000-4000-8000-000000000000,,agent.decision,"{""stage"": 0, ""action"": ""scaffold""}",2024-01-15T09:10:12+00:00
a00048006-0000-4000-8000-000000000000,s0000000-0000-4000-8000-000000000001,g00000004-0000-4000-8000-000000000000,,agent.decision,"{""stage"": 1, ""action"": ""scaffold""}",2024-01-15T09:10:26+00:00
a00048007-0000-4000-8000-000000000000,s0000000-0000-4000-8000-000000000001,g00000004-0000-4000-8000-000000000000,,agent.decision,"{""stage"": 2, ""action"": ""scaffold""}",2024-01-15T09:10:52+00:00
a00048008-0000-4000-8000-000000000000,s0000000-0000-4000-8000-000000000001,g00000004-0000-4000-8000-000000000000,,agent.decision,"{""stage"": 3, ""action"": ""scaffold""}",2024-01-15T09:11:36+00:00
a00048009-0000-4000-8000-000000000000,s0000000-0000-4000-8000-000000000001,g00000004-0000-4000-8000-000000000000,,agent.decision,"{""stage"": 4, ""action"": ""scaffold""}",2024-01-15T09:12:46+00:00
a00048010-0000-4000-8000-000000000000,s0000000-0000-4000-8000-000000000001,g00000004-0000-4000-8000-000000000000,,agent.decision,"{""stage"": 0, ""action"": ""scaffold""}",2024-01-15T09:13:56+00:00
a00048011-0000-4000-8000-000000000000,s0000000-0000-4000-8000-000000000001,g00000004-0000-4000-8000-000000000000,,agent.decision,"{""stage"": 1, ""action"": ""scaffold""}",2024-01-15T09:15:06+00:00
a00048012-0000-4000-8000-000000000000,s0000000-0000-4000-8000-000000000001,g00000004-0000-4000-8000-000000000000,,agent.decision,"{""stage"": 2, ""action"": ""scaffold""}",2024-01-15T09:16:16+00:00
a00049000-0000-4000-8000-000000000000,s0000000-0000-4000-8000-000000000001,g00000004-0000-4000-8000-000000000000,,agent.student_question,"{""stage"": 0}",2024-01-15T09:08:44+00:00
a00050000-0000-4000-8000-000000000000,s0000000-0000-4000-8000-000000000001,g00000005-0000-4000-8000-000000000000,Team 5,agent.help_click,"{""help_count"": 1}",2024-01-15T09:10:11.090000+00:00
a00050001-0000-4000-8000-000000000000,s0000000-0000-4000-8000-000000000001,g00000005-0000-4000-8000-000000000000,Team 5,agent.help_click,"{""help_count"": 2}",2024-01-15T09:10:51.090000+00:00
a00050002-0000-4000-8000-000000000000,s0000000-0000-4000-8000-000000000001,g00000005-0000-4000-8000-000000000000,Team 5,agent.help_click,"{""help_count"": 3}",2024-01-15T09:11:31.090000+00:00
a00050003-0000-4000-8000-000000000000,s0000000-0000-4000-8000-000000000001,g00000005-0000-4000-8000-000000000000,Team 5,agent.help_click,"{""help_count"": 4}",2024-01-15T09:12:11.090000+00:00
a00050004-0000-4000-8000-000000000000,s0000000-0000-4000-8000-000000000001,g00000005-0000-4000-8000-000000000000,Team 5,agent.help_click,"{""help_count"": 5}",2024-01-15T09:12:51.090000+00:00
a00052000-0000-4000-8000-000000000000,s0000000-0000-4000-8000-000000000001,g00000005-0000-4000-8000-000000000000,Team 5,quiz.wrong_answer,"{""item"": 0, ""is_correct"": false}",2024-01-15T09:10:27.090000+00:00
a00052001-0000-4000-8000-000000000000,s0000000-0000-4000-8000-000000000001,g00000005-0000-4000-8000-000000000000,Team 5,quiz.wrong_answer,"{""item"": 1, ""is_correct"": false}",2024-01-15T09:12:02.090000+00:00
a00052002-0000-4000-8000-000000000000,s0000000-0000-4000-8000-000000000001,g00000005-0000-4000-8000-000000000000,Team 5,quiz.wrong_answer,"{""item"": 2, ""is_correct"": false}",2024-01-15T09:13:37.090000+00:00
a00054000-0000-4000-8000-000000000000,s0000000-0000-4000-8000-000000000001,g00000005-0000-4000-8000-000000000000,Team 5,agent.idle_trigger,"{""stage"": 0}",2024-01-15T09:10:05.090000+00:00
a00054001-0000-4000-8000-000000000000,s0000000-0000-4000-8000-000000000001,g00000005-0000-4000-8000-000000000000,Team 5,agent.idle_trigger,"{""stage"": 1}",2024-01-15T09:11:15.090000+00:00
a00054002-0000-4000-8000-000000000000,s0000000-0000-4000-8000-000000000001,g00000005-0000-4000-8000-000000000000,Team 5,agent.idle_trigger,"{""stage"": 2}",2024-01-15T09:12:25.090000+00:00
a00054003-0000-4000-8000-000000000000,s0000000-0000-4000-8000-000000000001,g00000005-0000-4000-8000-000000000000,Team 5,agent.idle_trigger,"{""stage"": 3}",2024-01-15T09:13:35.090000+00:00
a00054004-0000-4000-8000-000000000000,s0000000-0000-4000-8000-000000000001,g00000005-0000-4000-8000-000000000000,Team 5,agent.idle_trigger,"{""stage"": 4}",2024-01-15T09:14:45.090000+00:00
a00054005-0000-4000-8000-000000000000,s0000000-0000-4000-8000-000000000001,g00000005-0000-4000-8000-000000000000,Team 5,agent.idle_trigger,"{""stage"": 0}",2024-01-15T09:15:55.090000+00:00
a00056000-0000-4000-8000-000000000000,s0000000-0000-4000-8000-000000000001,g00000005-0000-4000-8000-000000000000,Team 5,stage.submission_save,"{""stage_key"": ""warmup"", ""is_completed"": true, ""completion_rate"": 0.5664}",2024-01-15T09:10:02.090000+00:00
a00056001-0000-4000-8000-000000000000,s0000000-0000-4000-8000-000000000001,g00000005-0000-4000-8000-000000000000,Team 5,stage.submission_save,"{""stage_key"": ""observe"", ""is_completed"": true, ""completion_rate"": 0.7232}",2024-01-15T09:13:02.090000+00:00
a00056002-0000-4000-8000-000000000000,s0000000-0000-4000-8000-000000000001,g00000005-0000-4000-8000-000000000000,Team 5,stage.submission_save,"{""stage_key"": ""predict"", ""is_completed"": true, ""completion_rate"": 0.6139}",2024-01-15T09:16:02.090000+00:00
a00056003-0000-4000-8000-000000000000,s0000000-0000-4000-8000-000000000001,g00000005-0000-4000-8000-000000000000,Team 5,stage.submission_save,"{""stage_key"": ""test"", ""is_completed"": true, ""completion_rate"": 0.7094}",2024-01-15T09:19:02.090000+00:00
a00058000-0000-4000-8000-000000000000,s0000000-0000-4000-8000-000000000001,g00000005-0000-4000-8000-000000000000,,agent.decision,"{""stage"": 0, ""action"": ""scaffold""}",2024-01-15T09:10:06+00:00
a00058001-0000-4000-8000-000000000000,s0000000-0000-4000-8000-000000000001,g00000005-0000-4000-8000-000000000000,,agent.decision,"{""stage"": 1, ""action"": ""scaffold""}",2024-01-15T09:10:12+00:00
a00058002-0000-4000-8000-000000000000,s0000000-0000-4000-8000-000000000001,g00000005-0000-4000-8000-000000000000,,agent.decision,"{""stage"": 2, ""action"": ""scaffold""}",2024-01-15T09:10:52+00:00
a00058003-0000-4000-8000-000000000000,s0000000-0000-4000-8000-000000000001,g00000005-0000-4000-8000-000000000000,,agent.decision,"{""stage"": 3, ""action"": ""scaffold""}",2024-01-15T09:11:16+00:00
a00058004-0000-4000-8000-000000000000,s0000000-0000-4000-8000-000000000001,g00000005-0000-4000-8000-000000000000,,agent.decision,"{""stage"": 4, ""action"": ""scaffold""}",2024-01-15T09:11:32+00:00
a00058005-0000-4000-8000-000000000000,s0000000-0000-4000-8000-000000000001,g00000005-0000-4000-8000-000000000000,,agent.decision,"{""stage"": 0, ""action"": ""scaffold""}",2024-01-15T09:12:12+00:00
a00058006-0000-4000-8000-000000000000,s0000000-0000-4000-8000-000000000001,g00000005-0000-4000-8000-000000000000,,agent.decision,"{""stage"": 1, ""action"": ""scaffold""}",2024-01-15T09:12:26+00:00
a00058007-0000-4000-8000-000000000000,s0000000-0000-4000-8000-000000000001,g00000005-0000-4000-8000-000000000000,,agent.decision,"{""stage"": 2, ""action"": ""scaffold""}",2024-01-15T09:12:52+00:00
a00058008-0000-4000-8000-000000000000,s0000000-0000-4000-8000-000000000001,g00000005-0000-4000-8000-000000000000,,agent.decision,"{""stage"": 3, ""action"": ""scaffold""}",2024-01-15T09:13:36+00:00
a00058009-0000-4000-8000-000000000000,s0000000-0000-4000-8000-000000000001,g00000005-0000-4000-8000-000000000000,,agent.decision,"{""stage"": 4, ""action"": ""scaffold""}",2024-01-15T09:14:46+00:00
a00058010-0000-4000-8000-000000000000,s0000000-0000-4000-8000-000000000001,g00000005-0000-4000-8000-000000000000,,agent.decision,"{""stage"": 0, ""action"": ""scaffold""}",2024-01-15T09:15:56+00:00
a00059000-0000-4000-8000-000000000000,s0000000-0000-4000-8000-000000000001,g00000005-0000-4000-8000-000000000000,,agent.student_question,"{""stage"": 0}",2024-01-15T09:10:44+00:00
a00059001-0000-4000-8000-000000000000,s0000000-0000-4000-8000-000000000001,g00000005-0000-4000-8000-000000000000,,agent.student_question,"{""stage"": 1}",2024-01-15T09:12:44+00:00
a00060000-0000-4000-8000-000000000000,s0000000-0000-4000-8000-000000000001,g00000006-0000-4000-8000-000000000000,Team 6,agent.help_click,"{""help_count"": 1}",2024-01-15T09:12:11.090000+00:00
a00060001-0000-4000-8000-000000000000,s0000000-0000-4000-8000-000000000001,g00000006-0000-4000-8000-000000000000,Team 6,agent.help_click,"{""help_count"": 2}",2024-01-15T09:12:51.090000+00:00
a00060002-0000-4000-8000-000000000000,s0000000-0000-4000-8000-000000000001,g00000006-0000-4000-8000-000000000000,Team 6,agent.help_click,"{""help_count"": 3}",2024-01-15T09:13:31.090000+00:00
a00064000-0000-4000-8000-000000000000,s0000000-0000-4000-8000-000000000001,g00000006-0000-4000-8000-000000000000,Team 6,agent.idle_trigger,"{""stage"": 0}",2024-01-15T09:12:05.090000+00:00
a00064001-0000-4000-8000-000000000000,s0000000-0000-4000-8000-000000000001,g00000006-0000-4000-8000-000000000000,Team 6,agent.idle_trigger,"{""stage"": 1}",2024-01-15T09:13:15.090000+00:00
a00064002-0000-4000-8000-000000000000,s0000000-0000-4000-8000-000000000001,g00000006-0000-4000-8000-000000000000,Team 6,agent.idle_trigger,"{""stage"": 2}",2024-01-15T09:14:25.090000+00:00
a00066000-0000-4000-8000-000000000000,s0000000-0000-4000-8000-000000000001,g00000006-0000-4000-8000-000000000000,Team 6,stage.submission_save,"{""stage_key"": ""warmup"", ""is_completed"": true, ""completion_rate"": 0.6327}",2024-01-15T09:12:02.090000+00:00
a00066001-0000-4000-8000-000000000000,s0000000-0000-4000-8000-000000000001,g00000006-0000-4000-8000-000000000000,Team 6,stage.submission_save,"{""stage_key"": ""observe"", ""is_completed"": true, ""completion_rate"": 0.6748}",2024-01-15T09:15:02.090000+00:00
a00066002-0000-4000-8000-000000000000,s0000000-0000-4000-8000-000000000001,g00000006-0000-4000-8000-000000000000,Team 6,stage.submission_save,"{""stage_key"": ""predict"", ""is_completed"": true, ""completion_rate"": 0.8732}",2024-01-15T09:18:02.090000+00:00
a00066003-0000-4000-8000-000000000000,s0000000-0000-4000-8000-000000000001,g00000006-0000-4000-8000-000000000000,Team 6,stage.submission_save,"{""stage_key"": ""test"", ""is_completed"": true, ""completion_rate"": 0.9627}",2024-01-15T09:21:02.090000+00:00
a00066004-0000-4000-8000-000000000000,s0000000-0000-4000-8000-000000000001,g00000006-0000-4000-8000-000000000000,Team 6,stage.submission_save,"{""stage_key"": ""review"", ""is_completed"": true, ""completion_rate"": 0.7403}",2024-01-15T09:24:02.090000+00:00
a00068000-0000-4000-8000-000000000000,s0000000-0000-4000-8000-000000000001,g00000006-0000-4000-8000-000000000000,,agent.decision,"{""stage"": 0, ""action"": ""scaffold""}",2024-01-15T09:12:06+00:00
a00068001-0000-4000-8000-000000000000,s0000000-0000-4000-8000-000000000001,g00000006-0000-4000-8000-000000000000,,agent.decision,"{""stage"": 1, ""action"": ""scaffold""}",2024-01-15T09:12:12+00:00
a00068002-0000-4000-8000-000000000000,s0000000-0000-4000-8000-000000000001,g00000006-0000-4000-8000-000000000000,,agent.decision,"{""stage"": 2, ""action"": ""scaffold""}",2024-01-15T09:12:52+00:00
a00068003-0000-4000-8000-000000000000,s0000000-0000-4000-8000-000000000001,g00000006-0000-4000-8000-000000000000,,agent.decision,"{""stage"": 3, ""action"": ""scaffold""}",2024-01-15T09:13:16+00:00
a00068004-0000-4000-8000-000000000000,s0000000-0000-4000-8000-000000000001,g00000006-0000-4000-8000-000000000000,,agent.decision,"{""stage"": 4, ""action"": ""scaffold""}",2024-01-15T09:13:32+00:00
a00068005-0000-4000-8000-000000000000,s0000000-0000-4000-8000-000000000001,g00000006-0000-4000-8000-000000000000,,agent.decision,"{""stage"": 0, ""action"": ""scaffold""}",2024-01-15T09:14:26+00:00
a00069000-0000-4000-8000-000000000000,s0000000-0000-4000-8000-000000000001,g00000006-0000-4000-8000-000000000000,,agent.student_question,"{""stage"": 0}",2024-01-15T09:12:44+00:00
a00070000-0000-4000-8000-000000000000,s0000000-0000-4000-8000-000000000001,g00000007-0000-4000-8000-000000000000,Team 7,agent.help_click,"{""help_count"": 1}",2024-01-15T09:14:11.090000+00:00
a00070001-0000-4000-8000-000000000000,s0000000-0000-4000-8000-000000000001,g00000007-0000-4000-8000-000000000000,Team 7,agent.help_click,"{""help_count"": 2}",2024-01-15T09:14:51.090000+00:00
a00070002-0000-4000-8000-000000000000,s0000000-0000-4000-8000-000000000001,g00000007-0000-4000-8000-000000000000,Team 7,agent.help_click,"{""help_count"": 3}",2024-01-15T09:15:31.090000+00:00
a00070003-0000-4000-8000-000000000000,s0000000-0000-4000-8000-000000000001,g00000007-0000-4000-8000-000000000000,Team 7,agent.help_click,"{""help_count"": 4}",2024-01-15T09:16:11.090000+00:00
a00072000-0000-4000-8000-000000000000,s0000000-0000-4000-8000-000000000001,g00000007-0000-4000-8000-000000000000,Team 7,quiz.wrong_answer,"{""item"": 0, ""is_correct"": false}",2024-01-15T09:14:27.090000+00:00
a00074000-0000-4000-8000-000000000000,s0000000-0000-4000-8000-000000000001,g00000007-0000-4000-8000-000000000000,Team 7,agent.idle_trigger,"{""stage"": 0}",2024-01-15T09:14:05.090000+00:00
a00074001-0000-4000-8000-000000000000,s0000000-0000-4000-8000-000000000001,g00000007-0000-4000-8000-000000000000,Team 7,agent.idle_trigger,"{""stage"": 1}",2024-01-15T09:15:15.090000+00:00
a00074002-0000-4000-8000-000000000000,s0000000-0000-4000-8000-000000000001,g00000007-0000-4000-8000-000000000000,Team 7,agent.idle_trigger,"{""stage"": 2}",2024-01-15T09:16:25.090000+00:00
a00074003-0000-4000-8000-000000000000,s0000000-0000-4000-8000-000000000001,g00000007-0000-4000-8000-000000000000,Team 7,agent.idle_trigger,"{""stage"": 3}",2024-01-15T09:17:35.090000+00:00
a00074004-0000-4000-8000-000000000000,s0000000-0000-4000-8000-000000000001,g00000007-0000-4000-8000-000000000000,Team 7,agent.idle_trigger,"{""stage"": 4}",2024-01-15T09:18:45.090000+00:00
a00074005-0000-4000-8000-000000000000,s0000000-0000-4000-8000-000000000001,g00000007-0000-4000-8000-000000000000,Team 7,agent.idle_trigger,"{""stage"": 0}",2024-01-15T09:19:55.090000+00:00
a00076000-0000-4000-8000-000000000000,s0000000-0000-4000-8000-000000000001,g00000007-0000-4000-8000-000000000000,Team 7,stage.submission_save,"{""stage_key"": ""warmup"", ""is_completed"": true, ""completion_rate"": 0.9206}",2024-01-15T09:14:02.090000+00:00
a00076001-0000-4000-8000-000000000000,s0000000-0000-4000-8000-000000000001,g00000007-0000-4000-8000-000000000000,Team 7,stage.submission_save,"{""stage_key"": ""observe"", ""is_completed"": true, ""completion_rate"": 0.7135}",2024-01-15T09:17:02.090000+00:00
a00076002-0000-4000-8000-000000000000,s0000000-0000-4000-8000-000000000001,g00000007-0000-4000-8000-000000000000,Team 7,stage.submission_save,"{""stage_key"": ""predict"", ""is_completed"": true, ""completion_rate"": 0.77}",2024-01-15T09:20:02.090000+00:00
a00076003-0000-4000-8000-000000000000,s0000000-0000-4000-8000-000000000001,g00000007-0000-4000-8000-000000000000,Team 7,stage.submission_save,"{""stage_key"": ""test"", ""is_completed"": true, ""completion_rate"": 0.8072}",2024-01-15T09:23:02.090000+00:00
a00076004-0000-4000-8000-000000000000,s0000000-0000-4000-8000-000000000001,g00000007-0000-4000-8000-000000000000,Team 7,stage.submission_save,"{""stage_key"": ""review"", ""is_completed"": true, ""completion_rate"": 0.943}",2024-01-15T09:26:02.090000+00:00
a00078000-0000-4000-8000-000000000000,s0000000-0000-4000-8000-000000000001,g00000007-0000-4000-8000-000000000000,,agent.decision,"{""stage"": 0, ""action"": ""scaffold""}",2024-01-15T09:14:06+00:00
a00078001-0000-4000-8000-000000000000,s0000000-0000-4000-8000-000000000001,g00000007-0000-4000-8000-000000000000,,agent.decision,"{""stage"": 1, ""action"": ""scaffold""}",2024-01-15T09:14:12+00:00
a00078002-0000-4000-8000-000000000000,s0000000-0000-4000-8000-000000000001,g00000007-0000-4000-8000-000000000000,,agent.decision,"{""stage"": 2, ""action"": ""scaffold""}",2024-01-15T09:14:52+00:00
a00078003-0000-4000-8000-000000000000,s0000000-0000-4000-8000-000000000001,g00000007-0000-4000-8000-000000000000,,agent.decision,"{""stage"": 3, ""action"": ""scaffold""}",2024-01-15T09:15:16+00:00
a00078004-0000-4000-8000-000000000000,s0000000-0000-4000-8000-000000000001,g00000007-0000-4000-8000-000000000000,,agent.decision,"{""stage"": 4, ""action"": ""scaffold""}",2024-01-15T09:15:32+00:00
a00078005-0000-4000-8000-000000000000,s0000000-0000-4000-8000-000000000001,g00000007-0000-4000-8000-000000000000,,agent.decision,"{""stage"": 0, ""action"": ""scaffold""}",2024-01-15T09:16:12+00:00
a00078006-0000-4000-8000-000000000000,s0000000-0000-4000-8000-000000000001,g00000007-0000-4000-8000-000000000000,,agent.decision,"{""stage"": 1, ""action"": ""scaffold""}",2024-01-15T09:16:26+00:00
a00078007-0000-4000-8000-000000000000,s0000000-0000-4000-8000-000000000001,g00000007-0000-4000-8000-000000000000,,agent.decision,"{""stage"": 2, ""action"": ""scaffold""}",2024-01-15T09:17:36+00:00
a00078008-0000-4000-8000-000000000000,s0000000-0000-4000-8000-000000000001,g00000007-0000-4000-8000-000000000000,,agent.decision,"{""stage"": 3, ""action"": ""scaffold""}",2024-01-15T09:18:46+00:00
a00078009-0000-4000-8000-000000000000,s0000000-0000-4000-8000-000000000001,g00000007-0000-4000-8000-000000000000,,agent.decision,"{""stage"": 4, ""action"": ""scaffold""}",2024-01-15T09:19:56+00:00
a00079000-0000-4000-8000-000000000000,s0000000-0000-4000-8000-000000000001,g00000007-0000-4000-8000-000000000000,,agent.student_question,"{""stage"": 0}",2024-01-15T09:14:44+00:00
a00079001-0000-4000-8000-000000000000,s0000000-0000-4000-8000-000000000001,g00000007-0000-4000-8000-000000000000,,agent.student_question,"{""stage"": 1}",2024-01-15T09:16:44+00:00
a00079002-0000-4000-8000-000000000000,s0000000-0000-4000-8000-000000000001,g00000007-0000-4000-8000-000000000000,,agent.student_question,"{""stage"": 2}",2024-01-15T09:18:44+00:00
a00080000-0000-4000-8000-000000000000,s0000000-0000-4000-8000-000000000001,g00000008-0000-4000-8000-000000000000,Team 8,agent.help_click,"{""help_count"": 1}",2024-01-15T09:16:11.090000+00:00
a00080001-0000-4000-8000-000000000000,s0000000-0000-4000-8000-000000000001,g00000008-0000-4000-8000-000000000000,Team 8,agent.help_click,"{""help_count"": 2}",2024-01-15T09:16:51.090000+00:00
a00080002-0000-4000-8000-000000000000,s0000000-0000-4000-8000-000000000001,g00000008-0000-4000-8000-000000000000,Team 8,agent.help_click,"{""help_count"": 3}",2024-01-15T09:17:31.090000+00:00
a00080003-0000-4000-8000-000000000000,s0000000-0000-4000-8000-000000000001,g00000008-0000-4000-8000-000000000000,Team 8,agent.help_click,"{""help_count"": 4}",2024-01-15T09:18:11.090000+00:00
a00080004-0000-4000-8000-000000000000,s0000000-0000-4000-8000-000000000001,g00000008-0000-4000-8000-000000000000,Team 8,agent.help_click,"{""help_count"": 5}",2024-01-15T09:18:51.090000+00:00
a00082000-0000-4000-8000-000000000000,s0000000-0000-4000-8000-000000000001,g00000008-0000-4000-8000-000000000000,Team 8,quiz.wrong_answer,"{""item"": 0, ""is_correct"": false}",2024-01-15T09:16:27.090000+00:00
a00082001-0000-4000-8000-000000000000,s0000000-0000-4000-8000-000000000001,g00000008-0000-4000-8000-000000000000,Team 8,quiz.wrong_answer,"{""item"": 1, ""is_correct"": false}",2024-01-15T09:18:02.090000+00:00
a00082002-0000-4000-8000-000000000000,s0000000-0000-4000-8000-000000000001,g00000008-0000-4000-8000-000000000000,Team 8,quiz.wrong_answer,"{""item"": 2, ""is_correct"": false}",2024-01-15T09:19:37.090000+00:00
a00084000-0000-4000-8000-000000000000,s0000000-0000-4000-8000-000000000001,g00000008-0000-4000-8000-000000000000,Team 8,agent.idle_trigger,"{""stage"": 0}",2024-01-15T09:16:05.090000+00:00
a00084001-0000-4000-8000-000000000000,s0000000-0000-4000-8000-000000000001,g00000008-0000-4000-8000-000000000000,Team 8,agent.idle_trigger,"{""stage"": 1}",2024-01-15T09:17:15.090000+00:00
a00084002-0000-4000-8000-000000000000,s0000000-0000-4000-8000-000000000001,g00000008-0000-4000-8000-000000000000,Team 8,agent.idle_trigger,"{""stage"": 2}",2024-01-15T09:18:25.090000+00:00
a00084003-0000-4000-8000-000000000000,s0000000-0000-4000-8000-000000000001,g00000008-0000-4000-8000-000000000000,Team 8,agent.idle_trigger,"{""stage"": 3}",2024-01-15T09:19:35.090000+00:00
a00084004-0000-4000-8000-000000000000,s0000000-0000-4000-8000-000000000001,g00000008-0000-4000-8000-000000000000,Team 8,agent.idle_trigger,"{""stage"": 4}",2024-01-15T09:20:45.090000+00:00
a00084005-0000-4000-8000-000000000000,s0000000-0000-4000-8000-000000000001,g00000008-0000-4000-8000-000000000000,Team 8,agent.idle_trigger,"{""stage"": 0}",2024-01-15T09:21:55.090000+00:00
a00084006-0000-4000-8000-000000000000,s0000000-0000-4000-8000-000000000001,g00000008-0000-4000-8000-000000000000,Team 8,agent.idle_trigger,"{""stage"": 1}",2024-01-15T09:23:05.090000+00:00
a00086000-0000-4000-8000-000000000000,s0000000-0000-4000-8000-000000000001,g00000008-0000-4000-8000-000000000000,Team 8,stage.submission_save,"{""stage_key"": ""warmup"", ""is_completed"": true, ""completion_rate"": 0.6557}",2024-01-15T09:16:02.090000+00:00
a00086001-0000-4000-8000-000000000000,s0000000-0000-4000-8000-000000000001,g00000008-0000-4000-8000-000000000000,Team 8,stage.submission_save,"{""stage_key"": ""observe"", ""is_completed"": true, ""completion_rate"": 0.7124}",2024-01-15T09:19:02.090000+00:00
a00086002-0000-4000-8000-000000000000,s0000000-0000-4000-8000-000000000001,g00000008-0000-4000-8000-000000000000,Team 8,stage.submission_save,"{""stage_key"": ""predict"", ""is_completed"": true, ""completion_rate"": 0.5535}",2024-01-15T09:22:02.090000+00:00
a00086003-0000-4000-8000-000000000000,s0000000-0000-4000-8000-000000000001,g00000008-0000-4000-8000-000000000000,Team 8,stage.submission_save,"{""stage_key"": ""test"", ""is_completed"": true, ""completion_rate"": 0.9968}",2024-01-15T09:25:02.090000+00:00
a00086004-0000-4000-8000-000000000000,s0000000-0000-4000-8000-000000000001,g00000008-0000-4000-8000-000000000000,Team 8,stage.submission_save,"{""stage_key"": ""review"", ""is_completed"": true, ""completion_rate"": 0.6121}",2024-01-15T09:28:02.090000+00:00
a00088000-0000-4000-8000-000000000000,s0000000-0000-4000-8000-000000000001,g00000008-0000-4000-8000-000000000000,,agent.decision,"{""stage"": 0, ""action"": ""scaffold""}",2024-01-15T09:16:06+00:00
a00088001-0000-4000-8000-000000000000,s0000000-0000-4000-8000-000000000001,g00000008-0000-4000-8000-000000000000,,agent.decision,"{""stage"": 1, ""action"": ""scaffold""}",2024-01-15T09:16:12+00:00
a00088002-0000-4000-8000-000000000000,s0000000-0000-4000-8000-000000000001,g00000008-0000-4000-8000-000000000000,,agent.decision,"{""stage"": 2, ""action"": ""scaffold""}",2024-01-15T09:16:52+00:00
a00088003-0000-4000-8000-000000000000,s0000000-0000-4000-8000-000000000001,g00000008-0000-4000-8000-000000000000,,agent.decision,"{""stage"": 3, ""action"": ""scaffold""}",2024-01-15T09:17:16+00:00
a00088004-0000-4000-8000-000000000000,s0000000-0000-4000-8000-000000000001,g00000008-0000-4000-8000-000000000000,,agent.decision,"{""stage"": 4, ""action"": ""scaffold""}",2024-01-15T09:17:32+00:00
a00088005-0000-4000-8000-000000000000,s0000000-0000-4000-8000-000000000001,g00000008-0000-4000-8000-000000000000,,agent.decision,"{""stage"": 0, ""action"": ""scaffold""}",2024-01-15T09:18:12+00:00
a00088006-0000-4000-8000-000000000000,s0000000-0000-4000-8000-000000000001,g00000008-0000-4000-8000-000000000000,,agent.decision,"{""stage"": 1, ""action"": ""scaffold""}",2024-01-15T09:18:26+00:00
a00088007-0000-4000-8000-000000000000,s0000000-0000-4000-8000-000000000001,g00000008-0000-4000-8000-000000000000,,agent.decision,"{""stage"": 2, ""action"": ""scaffold""}",2024-01-15T09:18:52+00:00
a00088008-0000-4000-8000-000000000000,s0000000-0000-4000-8000-000000000001,g00000008-0000-4000-8000-000000000000,,agent.decision,"{""stage"": 3, ""action"": ""scaffold""}",2024-01-15T09:19:36+00:00
a00088009-0000-4000-8000-000000000000,s0000000-0000-4000-8000-000000000001,g00000008-0000-4000-8000-000000000000,,agent.decision,"{""stage"": 4, ""action"": ""scaffold""}",2024-01-15T09:20:46+00:00
a00088010-0000-4000-8000-000000000000,s0000000-0000-4000-8000-000000000001,g00000008-0000-4000-8000-000000000000,,agent.decision,"{""stage"": 0, ""action"": ""scaffold""}",2024-01-15T09:21:56+00:00
a00088011-0000-4000-8000-000000000000,s0000000-0000-4000-8000-000000000001,g00000008-0000-4000-8000-000000000000,,agent.decision,"{""stage"": 1, ""action"": ""scaffold""}",2024-01-15T09:23:06+00:00
